{
    "exact_match": 0.0,
    "token_f1": 0.17613996259271997,
    "rouge_l": 0.123572058131141,
    "latency_ms": 4008.2356569401236
}