{
    "exact_match": 0.0,
    "token_f1": 0.2031309735015565,
    "rouge_l": 0.15064362038693693,
    "latency_ms": 3971.06290553159
}