{
    "exact_match": 0.0,
    "token_f1": 0.17150744288714143,
    "rouge_l": 0.12065531389674859,
    "latency_ms": 4391.947317979674
}