{
    "exact_match": 0.0,
    "token_f1": 0.20235955813726655,
    "rouge_l": 0.1496380867176972,
    "latency_ms": 4326.399700867883
}