{
    "exact_match": 0.0,
    "token_f1": 0.27793812400406,
    "rouge_l": 0.13471045051677502,
    "latency_ms": 7497.493438581954
}