{
    "exact_match": 0.0,
    "token_f1": 0.28263769339316586,
    "rouge_l": 0.14035534668157632,
    "latency_ms": 7904.72617057159
}