{
    "exact_match": 0.0,
    "token_f1": 0.2763921677767329,
    "rouge_l": 0.1337027953126681,
    "latency_ms": 27531.863183273694
}