{
    "exact_match": 0.0,
    "token_f1": 0.2829838981538367,
    "rouge_l": 0.13959183399821526,
    "latency_ms": 8018.635446009972
}